{
  "id": "bd8a7ea3-31a2-4299-bb93-5ae75576e542",
  "generation": 0,
  "iteration": 0,
  "timestamp": 1758610395.784848,
  "parent_id": null,
  "metrics": {
    "interval_score": 52.220420481079096,
    "coverage": 0.9233333333333333,
    "avg_interval_length": 17.58038754766844,
    "combined_score": -52.220420481079096
  },
  "language": "python",
  "saved_at": 1758610644.807211
}