{
  "id": "e450dec1-4b89-4b5b-9a3f-df0b516d1efb",
  "generation": 1,
  "iteration": 1,
  "timestamp": 1758610074.668902,
  "parent_id": "fd6fec1b-a33d-4b98-957a-02a2ab57e3a1",
  "metrics": {
    "interval_score": 52.220420481079096,
    "coverage": 0.9233333333333333,
    "avg_interval_length": 17.58038754766844,
    "combined_score": -52.220420481079096
  },
  "language": "python",
  "saved_at": 1758610329.384331
}