{
  "id": "c2e207b5-5d1f-43c2-832c-e5316cd69c64",
  "generation": 0,
  "iteration": 0,
  "current_iteration": 10,
  "metrics": {
    "interval_score": 51.27697052374268,
    "coverage": 0.9233333333333333,
    "avg_interval_length": 16.882828777903228,
    "combined_score": -51.27697052374268
  },
  "language": "python",
  "timestamp": 1758611236.932215,
  "saved_at": 1758611355.6170208
}