{
  "id": "8d83c860-9fb1-40c1-a0cc-58b8f4d96d44",
  "generation": 0,
  "iteration": 0,
  "timestamp": 1758611755.394026,
  "parent_id": null,
  "metrics": {
    "interval_score": 51.27697052374268,
    "coverage": 0.9233333333333333,
    "avg_interval_length": 16.882828777903228,
    "combined_score": -51.27697052374268
  },
  "language": "python",
  "saved_at": 1758611904.09624
}