{
  "id": "69cd359f-86b6-42ac-9cbb-bbd8c9d36764",
  "generation": 1,
  "iteration": 3,
  "current_iteration": 10,
  "metrics": {
    "interval_score": 51.27697052374268,
    "coverage": 0.9233333333333333,
    "avg_interval_length": 16.882828777903228,
    "combined_score": -51.27697052374268
  },
  "language": "python",
  "timestamp": 1758610722.0291672,
  "saved_at": 1758610954.502893
}