{
  "id": "5510dc7b-db0b-4aa3-a303-a9b1ca7b28cf",
  "generation": 1,
  "iteration": 1,
  "timestamp": 1758609829.436686,
  "parent_id": "8c9b8565-c511-43ef-a80e-fecca85976e8",
  "metrics": {
    "interval_score": 54.88071256341551,
    "coverage": 0.9366666666666666,
    "avg_interval_length": 19.4521057169291,
    "combined_score": -54.88071256341551
  },
  "language": "python",
  "saved_at": 1758609944.6412091
}