{
  "id": "90c6ef3a-d349-4bd1-849e-79fb89e4a578",
  "generation": 0,
  "iteration": 0,
  "timestamp": 1758611433.685848,
  "parent_id": null,
  "metrics": {
    "interval_score": 51.27697052374268,
    "coverage": 0.9233333333333333,
    "avg_interval_length": 16.882828777903228,
    "combined_score": -51.27697052374268
  },
  "language": "python",
  "saved_at": 1758611525.945535
}