{
  "id": "c0e210c9-41fb-4473-ab89-5c9753358f88",
  "generation": 0,
  "iteration": 0,
  "current_iteration": 10,
  "metrics": {
    "interval_score": 51.27697052374268,
    "coverage": 0.9233333333333333,
    "avg_interval_length": 16.882828777903228,
    "combined_score": -51.27697052374268
  },
  "language": "python",
  "timestamp": 1758611027.658561,
  "saved_at": 1758611160.822628
}