{
  "id": "e450dec1-4b89-4b5b-9a3f-df0b516d1efb",
  "generation": 1,
  "iteration": 1,
  "current_iteration": 10,
  "metrics": {
    "interval_score": 52.220420481079096,
    "coverage": 0.9233333333333333,
    "avg_interval_length": 17.58038754766844,
    "combined_score": -52.220420481079096
  },
  "language": "python",
  "timestamp": 1758610074.668902,
  "saved_at": 1758610328.6403441
}