{
  "id": "f1dc6210-4f80-45f7-b860-8f4a8f8911fb",
  "generation": 0,
  "iteration": 0,
  "timestamp": 1758611973.214169,
  "parent_id": null,
  "metrics": {
    "interval_score": 51.27697052374268,
    "coverage": 0.9233333333333333,
    "avg_interval_length": 16.882828777903228,
    "combined_score": -51.27697052374268
  },
  "language": "python",
  "saved_at": 1758612126.896075
}