{
  "id": "69cd359f-86b6-42ac-9cbb-bbd8c9d36764",
  "generation": 1,
  "iteration": 3,
  "timestamp": 1758610722.0291672,
  "parent_id": "82073bbd-28f2-48a0-8470-87fb1e5b32c6",
  "metrics": {
    "interval_score": 51.27697052374268,
    "coverage": 0.9233333333333333,
    "avg_interval_length": 16.882828777903228,
    "combined_score": -51.27697052374268
  },
  "language": "python",
  "saved_at": 1758610955.140173
}