{
  "id": "07d85753-e75f-4de6-af6f-1063d4d816df",
  "generation": 0,
  "iteration": 0,
  "timestamp": 1758611596.02824,
  "parent_id": null,
  "metrics": {
    "interval_score": 51.27697052374268,
    "coverage": 0.9233333333333333,
    "avg_interval_length": 16.882828777903228,
    "combined_score": -51.27697052374268
  },
  "language": "python",
  "saved_at": 1758611682.090296
}